S No.,Date,Price,Contract ID
1,2023-06-02,4.414,ngz26
2,2023-06-05,4.434,ngz26
3,2023-06-06,4.423,ngz26
4,2023-06-07,4.409,ngz26
5,2023-06-08,4.417,ngz26
6,2023-06-09,4.398,ngz26
7,2023-06-12,4.395,ngz26
8,2023-06-13,4.389,ngz26
9,2023-06-14,4.424,ngz26
10,2023-06-15,4.435,ngz26
11,2023-06-16,4.404,ngz26
12,2023-06-20,4.451,ngz26
13,2023-06-21,4.506,ngz26
14,2023-06-22,4.524,ngz26
15,2023-06-23,4.467,ngz26
16,2023-06-26,4.445,ngz26
17,2023-06-27,4.444,ngz26
18,2023-06-28,4.396,ngz26
19,2023-06-29,4.359,ngz26
20,2023-06-30,4.377,ngz26
21,2023-07-03,4.378,ngz26
22,2023-07-05,4.351,ngz26
23,2023-07-06,4.368,ngz26
24,2023-07-07,4.377,ngz26
25,2023-07-10,4.395,ngz26
26,2023-07-11,4.408,ngz26
27,2023-07-12,4.404,ngz26
28,2023-07-13,4.355,ngz26
29,2023-07-14,4.392,ngz26
30,2023-07-17,4.381,ngz26
31,2023-07-18,4.415,ngz26
32,2023-07-19,4.402,ngz26
33,2023-07-20,4.427,ngz26
34,2023-07-21,4.445,ngz26
35,2023-07-24,4.493,ngz26
36,2023-07-25,4.507,ngz26
37,2023-07-26,4.552,ngz26
38,2023-07-27,4.542,ngz26
39,2023-07-28,4.551,ngz26
40,2023-07-31,4.536,ngz26
41,2023-08-01,4.51,ngz26
42,2023-08-02,4.532,ngz26
43,2023-08-03,4.517,ngz26
44,2023-08-04,4.505,ngz26
45,2023-08-07,4.571,ngz26
46,2023-08-08,4.566,ngz26
47,2023-08-09,4.528,ngz26
48,2023-08-10,4.513,ngz26
49,2023-08-11,4.557,ngz26
50,2023-08-14,4.547,ngz26
51,2023-08-15,4.569,ngz26
52,2023-08-16,4.577,ngz26
53,2023-08-17,4.581,ngz26
54,2023-08-18,4.569,ngz26
55,2023-08-21,4.603,ngz26
56,2023-08-22,4.585,ngz26
57,2023-08-23,4.62,ngz26
58,2023-08-24,4.591,ngz26
59,2023-08-25,4.592,ngz26
60,2023-08-28,4.585,ngz26
61,2023-08-29,4.552,ngz26
62,2023-08-30,4.593,ngz26
63,2023-08-31,4.606,ngz26
64,2023-09-01,4.589,ngz26
65,2023-09-05,4.551,ngz26
66,2023-09-06,4.563,ngz26
67,2023-09-07,4.546,ngz26
68,2023-09-08,4.552,ngz26
69,2023-09-11,4.493,ngz26
70,2023-09-12,4.543,ngz26
71,2023-09-13,4.583,ngz26
72,2023-09-14,4.576,ngz26
73,2023-09-15,4.533,ngz26
74,2023-09-18,4.576,ngz26
75,2023-09-19,4.562,ngz26
76,2023-09-20,4.583,ngz26
77,2023-09-21,4.597,ngz26
78,2023-09-22,4.62,ngz26
79,2023-09-25,4.589,ngz26
80,2023-09-26,4.61,ngz26
81,2023-09-27,4.585,ngz26
82,2023-09-28,4.606,ngz26
83,2023-09-29,4.618,ngz26
84,2023-10-02,4.631,ngz26
85,2023-10-03,4.668,ngz26
86,2023-10-04,4.63,ngz26
87,2023-10-05,4.625,ngz26
88,2023-10-06,4.619,ngz26
89,2023-10-09,4.636,ngz26
90,2023-10-10,4.572,ngz26
91,2023-10-11,4.583,ngz26
92,2023-10-12,4.59,ngz26
93,2023-10-13,4.598,ngz26
94,2023-10-16,4.587,ngz26
95,2023-10-17,4.589,ngz26
96,2023-10-18,4.583,ngz26
97,2023-10-19,4.606,ngz26
98,2023-10-20,4.612,ngz26
99,2023-10-23,4.616,ngz26
100,2023-10-24,4.601,ngz26
101,2023-10-25,4.609,ngz26
102,2023-10-26,4.594,ngz26
103,2023-10-27,4.571,ngz26
104,2023-10-30,4.59,ngz26
105,2023-10-31,4.586,ngz26
106,2023-11-01,4.638,ngz26
107,2023-11-02,4.727,ngz26
108,2023-11-03,4.753,ngz26
109,2023-11-06,4.774,ngz26
110,2023-11-07,4.771,ngz26
111,2023-11-08,4.705,ngz26
112,2023-11-09,4.693,ngz26
113,2023-11-10,4.683,ngz26
114,2023-11-13,4.7,ngz26
115,2023-11-14,4.69,ngz26
116,2023-11-15,4.724,ngz26
117,2023-11-16,4.707,ngz26
118,2023-11-17,4.686,ngz26
119,2023-11-20,4.659,ngz26
120,2023-11-21,4.617,ngz26
121,2023-11-22,4.625,ngz26
122,2023-11-24,4.637,ngz26
123,2023-11-27,4.612,ngz26
124,2023-11-28,4.545,ngz26
125,2023-11-29,4.555,ngz26
126,2023-11-30,4.486,ngz26
127,2023-12-01,4.512,ngz26
128,2023-12-04,4.485,ngz26
129,2023-12-05,4.489,ngz26
130,2023-12-06,4.31,ngz26
131,2023-12-07,4.3,ngz26
132,2023-12-08,4.235,ngz26
133,2023-12-11,4.188,ngz26
134,2023-12-12,4.214,ngz26
135,2023-12-13,4.248,ngz26
136,2023-12-14,4.305,ngz26
137,2023-12-15,4.402,ngz26
138,2023-12-18,4.409,ngz26
139,2023-12-19,4.373,ngz26
140,2023-12-20,4.42,ngz26
141,2023-12-21,4.427,ngz26
142,2023-12-22,4.36,ngz26
143,2023-12-26,4.332,ngz26
144,2023-12-27,4.374,ngz26
145,2023-12-28,4.407,ngz26
146,2023-12-29,4.436,ngz26
147,2024-01-02,4.438,ngz26
148,2024-01-03,4.436,ngz26
149,2024-01-04,4.431,ngz26
150,2024-01-05,4.472,ngz26
151,2024-01-08,4.497,ngz26
152,2024-01-09,4.48,ngz26
153,2024-01-10,4.453,ngz26
154,2024-01-11,4.44,ngz26
155,2024-01-12,4.45,ngz26
156,2024-01-16,4.448,ngz26
157,2024-01-17,4.494,ngz26
158,2024-01-18,4.515,ngz26
159,2024-01-19,4.498,ngz26
160,2024-01-22,4.476,ngz26
161,2024-01-23,4.54,ngz26
162,2024-01-24,4.509,ngz26
163,2024-01-25,4.42,ngz26
164,2024-01-26,4.421,ngz26
165,2024-01-29,4.402,ngz26
166,2024-01-30,4.402,ngz26
167,2024-01-31,4.42,ngz26
168,2024-02-01,4.416,ngz26
169,2024-02-02,4.453,ngz26
170,2024-02-05,4.43,ngz26
171,2024-02-06,4.44,ngz26
172,2024-02-07,4.448,ngz26
173,2024-02-08,4.44,ngz26
174,2024-02-09,4.441,ngz26
175,2024-02-12,4.422,ngz26
176,2024-02-13,4.434,ngz26
177,2024-02-14,4.404,ngz26
178,2024-02-15,4.356,ngz26
179,2024-02-16,4.317,ngz26
180,2024-02-20,4.352,ngz26
181,2024-02-21,4.412,ngz26
182,2024-02-22,4.449,ngz26
183,2024-02-23,4.423,ngz26
184,2024-02-26,4.44,ngz26
185,2024-02-27,4.442,ngz26
186,2024-02-28,4.47,ngz26
187,2024-02-29,4.438,ngz26
188,2024-03-01,4.417,ngz26
189,2024-03-04,4.454,ngz26
190,2024-03-05,4.462,ngz26
191,2024-03-06,4.461,ngz26
192,2024-03-07,4.448,ngz26
193,2024-03-08,4.416,ngz26
194,2024-03-11,4.428,ngz26
195,2024-03-12,4.407,ngz26
196,2024-03-13,4.407,ngz26
197,2024-03-14,4.424,ngz26
198,2024-03-15,4.369,ngz26
199,2024-03-18,4.408,ngz26
200,2024-03-19,4.399,ngz26
201,2024-03-20,4.374,ngz26
202,2024-03-21,4.364,ngz26
203,2024-03-22,4.358,ngz26
204,2024-03-25,4.356,ngz26
205,2024-03-26,4.37,ngz26
206,2024-03-27,4.364,ngz26
207,2024-03-28,4.408,ngz26
208,2024-04-01,4.422,ngz26
209,2024-04-02,4.431,ngz26
210,2024-04-03,4.448,ngz26
211,2024-04-04,4.425,ngz26
212,2024-04-05,4.42,ngz26
213,2024-04-08,4.437,ngz26
214,2024-04-09,4.468,ngz26
215,2024-04-10,4.48,ngz26
216,2024-04-11,4.543,ngz26
217,2024-04-12,4.609,ngz26
218,2024-04-15,4.662,ngz26
219,2024-04-16,4.662,ngz26
220,2024-04-17,4.646,ngz26
221,2024-04-18,4.635,ngz26
222,2024-04-19,4.644,ngz26
223,2024-04-22,4.669,ngz26
224,2024-04-23,4.658,ngz26
225,2024-04-24,4.691,ngz26
226,2024-04-25,4.676,ngz26
227,2024-04-26,4.697,ngz26
228,2024-04-29,4.726,ngz26
229,2024-04-30,4.742,ngz26
230,2024-05-01,4.723,ngz26
231,2024-05-02,4.701,ngz26
232,2024-05-03,4.672,ngz26
233,2024-05-06,4.674,ngz26
234,2024-05-07,4.622,ngz26
235,2024-05-08,4.58,ngz26
236,2024-05-09,4.537,ngz26
237,2024-05-10,4.552,ngz26
238,2024-05-13,4.563,ngz26
239,2024-05-14,4.575,ngz26
240,2024-05-15,4.6,ngz26
241,2024-05-16,4.644,ngz26
242,2024-05-17,4.665,ngz26
243,2024-05-20,4.671,ngz26
244,2024-05-21,4.641,ngz26
245,2024-05-22,4.634,ngz26
246,2024-05-23,4.589,ngz26
247,2024-05-24,4.561,ngz26
248,2024-05-28,4.561,ngz26
249,2024-05-29,4.526,ngz26
250,2024-05-30,4.521,ngz26
251,2024-05-31,4.515,ngz26
252,2024-06-03,4.528,ngz26
253,2024-06-04,4.516,ngz26
254,2024-06-05,4.543,ngz26
255,2024-06-06,4.514,ngz26
256,2024-06-07,4.49,ngz26
257,2024-06-10,4.491,ngz26
258,2024-06-11,4.522,ngz26
259,2024-06-12,4.495,ngz26
260,2024-06-13,4.48,ngz26
261,2024-06-14,4.489,ngz26
262,2024-06-17,4.489,ngz26
263,2024-06-18,4.51,ngz26
264,2024-06-20,4.482,ngz26
265,2024-06-21,4.473,ngz26
266,2024-06-24,4.478,ngz26
267,2024-06-25,4.474,ngz26
268,2024-06-26,4.478,ngz26
269,2024-06-27,4.419,ngz26
270,2024-06-28,4.438,ngz26
271,2024-07-01,4.399,ngz26
272,2024-07-02,4.413,ngz26
273,2024-07-03,4.404,ngz26
274,2024-07-05,4.41,ngz26
275,2024-07-08,4.427,ngz26
276,2024-07-09,4.431,ngz26
277,2024-07-10,4.435,ngz26
278,2024-07-11,4.408,ngz26
279,2024-07-12,4.397,ngz26
280,2024-07-15,4.388,ngz26
281,2024-07-16,4.368,ngz26
282,2024-07-17,4.281,ngz26
283,2024-07-18,4.274,ngz26
284,2024-07-19,4.326,ngz26
285,2024-07-22,4.363,ngz26
286,2024-07-23,4.349,ngz26
287,2024-07-24,4.326,ngz26
288,2024-07-25,4.267,ngz26
289,2024-07-26,4.275,ngz26
290,2024-07-29,4.244,ngz26
291,2024-07-30,4.218,ngz26
292,2024-07-31,4.184,ngz26
293,2024-08-01,4.173,ngz26
294,2024-08-02,4.175,ngz26
295,2024-08-05,4.115,ngz26
296,2024-08-06,4.101,ngz26
297,2024-08-07,4.122,ngz26
298,2024-08-08,4.173,ngz26
299,2024-08-09,4.191,ngz26
300,2024-08-12,4.2,ngz26
301,2024-08-13,4.158,ngz26
302,2024-08-14,4.181,ngz26
303,2024-08-15,4.177,ngz26
304,2024-08-16,4.134,ngz26
305,2024-08-19,4.147,ngz26
306,2024-08-20,4.18,ngz26
307,2024-08-21,4.208,ngz26
308,2024-08-22,4.211,ngz26
309,2024-08-23,4.23,ngz26
310,2024-08-26,4.221,ngz26
311,2024-08-27,4.205,ngz26
312,2024-08-28,4.187,ngz26
313,2024-08-29,4.166,ngz26
314,2024-08-30,4.154,ngz26
315,2024-09-03,4.143,ngz26
316,2024-09-04,4.131,ngz26
317,2024-09-05,4.122,ngz26
318,2024-09-06,4.11,ngz26
319,2024-09-09,4.11,ngz26
320,2024-09-10,4.092,ngz26
321,2024-09-11,4.091,ngz26
322,2024-09-12,4.091,ngz26
323,2024-09-13,4.096,ngz26
324,2024-09-16,4.107,ngz26
325,2024-09-17,4.112,ngz26
326,2024-09-18,4.112,ngz26
327,2024-09-19,4.126,ngz26
328,2024-09-20,4.16,ngz26
329,2024-09-23,4.145,ngz26
330,2024-09-24,4.155,ngz26
331,2024-09-25,4.189,ngz26
332,2024-09-26,4.209,ngz26
333,2024-09-27,4.21,ngz26
334,2024-09-30,4.195,ngz26
335,2024-10-01,4.179,ngz26
336,2024-10-02,4.188,ngz26
337,2024-10-03,4.205,ngz26
338,2024-10-04,4.23,ngz26
339,2024-10-07,4.258,ngz26
340,2024-10-08,4.227,ngz26
341,2024-10-09,4.205,ngz26
342,2024-10-10,4.207,ngz26
343,2024-10-11,4.202,ngz26
344,2024-10-14,4.188,ngz26
345,2024-10-15,4.205,ngz26
346,2024-10-16,4.164,ngz26
347,2024-10-17,4.173,ngz26
348,2024-10-18,4.137,ngz26
349,2024-10-21,4.153,ngz26
350,2024-10-22,4.187,ngz26
351,2024-10-23,4.199,ngz26
352,2024-10-24,4.209,ngz26
353,2024-10-25,4.216,ngz26
354,2024-10-28,4.185,ngz26
355,2024-10-29,4.184,ngz26
356,2024-10-30,4.223,ngz26
357,2024-10-31,4.224,ngz26
358,2024-11-01,4.22,ngz26
359,2024-11-04,4.209,ngz26
360,2024-11-05,4.189,ngz26
361,2024-11-06,4.221,ngz26
362,2024-11-07,4.205,ngz26
363,2024-11-08,4.182,ngz26
364,2024-11-11,4.204,ngz26
365,2024-11-12,4.203,ngz26
366,2024-11-13,4.212,ngz26
367,2024-11-14,4.202,ngz26
368,2024-11-15,4.224,ngz26
369,2024-11-18,4.232,ngz26
370,2024-11-19,4.237,ngz26
371,2024-11-20,4.274,ngz26
372,2024-11-21,4.28,ngz26
373,2024-11-22,4.269,ngz26
374,2024-11-25,4.3,ngz26
375,2024-11-26,4.302,ngz26
376,2024-11-27,4.266,ngz26
377,2024-11-29,4.306,ngz26
378,2024-12-02,4.291,ngz26
379,2024-12-03,4.274,ngz26
380,2024-12-04,4.319,ngz26
381,2024-12-05,4.319,ngz26
382,2024-12-06,4.33,ngz26
383,2024-12-09,4.317,ngz26
384,2024-12-10,4.324,ngz26
385,2024-12-11,4.314,ngz26
386,2024-12-12,4.363,ngz26
387,2024-12-13,4.333,ngz26
388,2024-12-16,4.329,ngz26
389,2024-12-17,4.343,ngz26
390,2024-12-18,4.327,ngz26
391,2024-12-19,4.334,ngz26
392,2024-12-20,4.355,ngz26
393,2024-12-23,4.365,ngz26
394,2024-12-24,4.388,ngz26
395,2024-12-26,4.385,ngz26
396,2024-12-27,4.439,ngz26
397,2024-12-30,4.462,ngz26
398,2024-12-31,4.458,ngz26
399,2025-01-02,4.457,ngz26
400,2025-01-03,4.406,ngz26
401,2025-01-06,4.435,ngz26
402,2025-01-07,4.417,ngz26
403,2025-01-08,4.419,ngz26
404,2025-01-09,4.429,ngz26
405,2025-01-10,4.432,ngz26
406,2025-01-13,4.433,ngz26
407,2025-01-14,4.437,ngz26
408,2025-01-15,4.482,ngz26
409,2025-01-16,4.548,ngz26
410,2025-01-17,4.491,ngz26
411,2025-01-21,4.484,ngz26
412,2025-01-22,4.546,ngz26
413,2025-01-23,4.582,ngz26
414,2025-01-24,4.578,ngz26
415,2025-01-27,4.492,ngz26
416,2025-01-28,4.42,ngz26
417,2025-01-29,4.46,ngz26
418,2025-01-30,4.41,ngz26
419,2025-01-31,4.404,ngz26
420,2025-02-03,4.462,ngz26
421,2025-02-04,4.44,ngz26
422,2025-02-05,4.46,ngz26
423,2025-02-06,4.472,ngz26
424,2025-02-07,4.437,ngz26
425,2025-02-10,4.529,ngz26
426,2025-02-11,4.552,ngz26
427,2025-02-12,4.557,ngz26
428,2025-02-13,4.586,ngz26
429,2025-02-14,4.588,ngz26
430,2025-02-18,4.669,ngz26
431,2025-02-19,4.672,ngz26
432,2025-02-20,4.581,ngz26
433,2025-02-21,4.603,ngz26
434,2025-02-24,4.557,ngz26
435,2025-02-25,4.55,ngz26
436,2025-02-26,4.443,ngz26
437,2025-02-27,4.457,ngz26
438,2025-02-28,4.493,ngz26
439,2025-03-03,4.535,ngz26
440,2025-03-04,4.536,ngz26
441,2025-03-05,4.583,ngz26
442,2025-03-06,4.555,ngz26
443,2025-03-07,4.678,ngz26
444,2025-03-10,4.715,ngz26
445,2025-03-11,4.758,ngz26
446,2025-03-12,4.714,ngz26
447,2025-03-13,4.755,ngz26
448,2025-03-14,4.772,ngz26
449,2025-03-17,4.748,ngz26
450,2025-03-18,4.74,ngz26
451,2025-03-19,4.789,ngz26
452,2025-03-20,4.732,ngz26
453,2025-03-21,4.746,ngz26
454,2025-03-24,4.757,ngz26
455,2025-03-25,4.767,ngz26
456,2025-03-26,4.756,ngz26
457,2025-03-27,4.766,ngz26
458,2025-03-28,4.751,ngz26
459,2025-03-31,4.77,ngz26
460,2025-04-01,4.728,ngz26
461,2025-04-02,4.741,ngz26
462,2025-04-03,4.727,ngz26
463,2025-04-04,4.601,ngz26
464,2025-04-07,4.478,ngz26
465,2025-04-08,4.413,ngz26
466,2025-04-09,4.537,ngz26
467,2025-04-10,4.419,ngz26
468,2025-04-11,4.442,ngz26
469,2025-04-14,4.403,ngz26
470,2025-04-15,4.456,ngz26
471,2025-04-16,4.501,ngz26
472,2025-04-17,4.52,ngz26
473,2025-04-21,4.429,ngz26
474,2025-04-22,4.438,ngz26
475,2025-04-23,4.478,ngz26
476,2025-04-24,4.502,ngz26
477,2025-04-25,4.491,ngz26
478,2025-04-28,4.55,ngz26
479,2025-04-29,4.576,ngz26
480,2025-04-30,4.617,ngz26
481,2025-05-01,4.664,ngz26
482,2025-05-02,4.722,ngz26
483,2025-05-05,4.773,ngz26
484,2025-05-06,4.79,ngz26
485,2025-05-07,4.794,ngz26
486,2025-05-08,4.77,ngz26
487,2025-05-09,4.819,ngz26
488,2025-05-12,4.793,ngz26
489,2025-05-13,4.827,ngz26
490,2025-05-14,4.786,ngz26
491,2025-05-15,4.778,ngz26
492,2025-05-16,4.794,ngz26
493,2025-05-19,4.665,ngz26
494,2025-05-20,4.738,ngz26
495,2025-05-21,4.744,ngz26
496,2025-05-22,4.755,ngz26
497,2025-05-23,4.797,ngz26
498,2025-05-27,4.797,ngz26
499,2025-05-28,4.757,ngz26
500,2025-05-29,4.724,ngz26
501,2025-05-30,4.72,ngz26
502,2025-06-02,4.783,ngz26
503,2025-06-03,4.808,ngz26
504,2025-06-04,4.851,ngz26
505,2025-06-05,4.848,ngz26
506,2025-06-06,4.889,ngz26
507,2025-06-09,4.88,ngz26
508,2025-06-10,4.866,ngz26
509,2025-06-11,4.846,ngz26
510,2025-06-12,4.824,ngz26
511,2025-06-13,4.836,ngz26
512,2025-06-16,4.855,ngz26
513,2025-06-17,4.903,ngz26
514,2025-06-18,4.932,ngz26
515,2025-06-20,4.931,ngz26
516,2025-06-23,4.898,ngz26
517,2025-06-24,4.866,ngz26
518,2025-06-25,4.853,ngz26
519,2025-06-26,4.863,ngz26
520,2025-06-27,4.891,ngz26
521,2025-06-30,4.788,ngz26
522,2025-07-01,4.78,ngz26
523,2025-07-02,4.797,ngz26
524,2025-07-03,4.746,ngz26
525,2025-07-04,4.756,ngz26
526,2025-07-07,4.777,ngz26
527,2025-07-08,4.76,ngz26
528,2025-07-09,4.759,ngz26
529,2025-07-10,4.789,ngz26
530,2025-07-11,4.825,ngz26
531,2025-07-14,4.844,ngz26
532,2025-07-15,4.863,ngz26
533,2025-07-16,4.867,ngz26
534,2025-07-17,4.834,ngz26
535,2025-07-18,4.815,ngz26
536,2025-07-21,4.73,ngz26
537,2025-07-22,4.746,ngz26
538,2025-07-23,4.657,ngz26
539,2025-07-24,4.636,ngz26
540,2025-07-25,4.603,ngz26
541,2025-07-28,4.525,ngz26
542,2025-07-29,4.538,ngz26
543,2025-07-30,4.54,ngz26
544,2025-07-31,4.587,ngz26
545,2025-08-01,4.596,ngz26
546,2025-08-04,4.522,ngz26
547,2025-08-05,4.527,ngz26
548,2025-08-06,4.557,ngz26
549,2025-08-07,4.569,ngz26
550,2025-08-08,4.535,ngz26
551,2025-08-11,4.547,ngz26
552,2025-08-12,4.513,ngz26
553,2025-08-13,4.495,ngz26
554,2025-08-14,4.467,ngz26
555,2025-08-15,4.498,ngz26
556,2025-08-18,4.511,ngz26
557,2025-08-19,4.475,ngz26
558,2025-08-20,4.479,ngz26
559,2025-08-21,4.497,ngz26
560,2025-08-22,4.458,ngz26
561,2025-08-25,4.432,ngz26
562,2025-08-26,4.456,ngz26
563,2025-08-27,4.492,ngz26
564,2025-08-28,4.535,ngz26
565,2025-08-29,4.557,ngz26
566,2025-09-02,4.526,ngz26
567,2025-09-03,4.526,ngz26
568,2025-09-04,4.507,ngz26
569,2025-09-05,4.465,ngz26
570,2025-09-08,4.495,ngz26
571,2025-09-09,4.493,ngz26
572,2025-09-10,4.479,ngz26
573,2025-09-11,4.497,ngz26
574,2025-09-12,4.484,ngz26
575,2025-09-15,4.521,ngz26
576,2025-09-16,4.552,ngz26
577,2025-09-17,4.563,ngz26
578,2025-09-18,4.534,ngz26
579,2025-09-19,4.533,ngz26
580,2025-09-22,4.519,ngz26
581,2025-09-23,4.503,ngz26
582,2025-09-24,4.495,ngz26
583,2025-09-25,4.507,ngz26
584,2025-09-26,4.508,ngz26
585,2025-09-29,4.545,ngz26
586,2025-09-30,4.539,ngz26
587,2025-10-01,4.617,ngz26
588,2025-10-02,4.659,ngz26
589,2025-10-03,4.673,ngz26
590,2025-10-06,4.679,ngz26
591,2025-10-07,4.734,ngz26
592,2025-10-08,4.708,ngz26
593,2025-10-09,4.669,ngz26
594,2025-10-10,4.625,ngz26
595,2025-10-13,4.625,ngz26
596,2025-10-14,4.568,ngz26
597,2025-10-15,4.575,ngz26
598,2025-10-16,4.549,ngz26
599,2025-10-17,4.588,ngz26
600,2025-10-20,4.689,ngz26
601,2025-10-21,4.705,ngz26
602,2025-10-22,4.683,ngz26
603,2025-10-23,4.678,ngz26
604,2025-10-24,4.655,ngz26
605,2025-10-27,4.671,ngz26
606,2025-10-28,4.625,ngz26
607,2025-10-29,4.604,ngz26
608,2025-10-30,4.658,ngz26
609,2025-10-31,4.714,ngz26
610,2025-11-03,4.75,ngz26
611,2025-11-04,4.764,ngz26
612,2025-11-05,4.725,ngz26
613,2025-11-06,4.74,ngz26
614,2025-11-07,4.754,ngz26
615,2025-11-10,4.738,ngz26
616,2025-11-11,4.814,ngz26
617,2025-11-12,4.813,ngz26
618,2025-11-13,4.837,ngz26
619,2025-11-14,4.794,ngz26
620,2025-11-17,4.769,ngz26
621,2025-11-18,4.76,ngz26
622,2025-11-19,4.813,ngz26
623,2025-11-20,4.808,ngz26
624,2025-11-21,4.824,ngz26
625,2025-11-24,4.807,ngz26
626,2025-11-25,4.728,ngz26
627,2025-11-26,4.728,ngz26
628,2025-11-28,4.749,ngz26
629,2025-12-01,4.74,ngz26
630,2025-12-02,4.731,ngz26
631,2025-12-03,4.825,ngz26
632,2025-12-04,4.876,ngz26
633,2025-12-05,4.986,ngz26
634,2025-12-08,4.79,ngz26
635,2025-12-09,4.691,ngz26
636,2025-12-10,4.7,ngz26
637,2025-12-11,4.618,ngz26
638,2025-12-12,4.504,ngz26
639,2025-12-15,4.471,ngz26
640,2025-12-16,4.45,ngz26
641,2025-12-17,4.508,ngz26
642,2025-12-18,4.45,ngz26
643,2025-12-19,4.437,ngz26
644,2025-12-22,4.375,ngz26
645,2025-12-23,4.476,ngz26
646,2025-12-24,4.445,ngz26
647,2025-12-26,4.492,ngz26
648,2025-12-29,4.546,ngz26
649,2025-12-30,4.546,ngz26
650,2025-12-31,4.459,ngz26
651,2026-01-02,4.394,ngz26
652,2026-01-05,4.293,ngz26
653,2026-01-06,4.246,ngz26
654,2026-01-07,4.294,ngz26
655,2026-01-08,4.23,ngz26
656,2026-01-09,4.112,ngz26
657,2026-01-12,4.19,ngz26
658,2026-01-13,4.204,ngz26
659,2026-01-14,4.099,ngz26
660,2026-01-15,4.119,ngz26
661,2026-01-16,4.115,ngz26
662,2026-01-20,4.37,ngz26
663,2026-01-21,4.493,ngz26
664,2026-01-22,4.587,ngz26
665,2026-01-23,4.652,ngz26
666,2026-01-26,4.83,ngz26
667,2026-01-27,4.79,ngz26
668,2026-01-28,4.808,ngz26
669,2026-01-29,4.854,ngz26
670,2026-01-30,5.074,ngz26
671,2026-02-02,4.488,ngz26
672,2026-02-03,4.529,ngz26
673,2026-02-04,4.619,ngz26
674,2026-02-05,4.639,ngz26
675,2026-02-06,4.591,ngz26
676,2026-02-09,4.492,ngz26
677,2026-02-10,4.499,ngz26
678,2026-02-11,4.523,ngz26
679,2026-02-12,4.526,ngz26
680,2026-02-13,4.506,ngz26
681,2026-02-17,4.393,ngz26
682,2026-02-18,4.374,ngz26
683,2026-02-19,4.407,ngz26
684,2026-02-20,4.428,ngz26
685,2026-02-23,4.385,ngz26
686,2026-02-24,4.326,ngz26
687,2026-02-25,4.337,ngz26
688,2026-02-26,4.318,ngz26
689,2026-02-27,4.338,ngz26
690,2026-03-02,4.474,ngz26
691,2026-03-03,4.596,ngz26
692,2026-03-04,4.513,ngz26
693,2026-03-05,4.714,ngz26
694,2026-03-06,4.843,ngz26
695,2026-03-09,4.703,ngz26
696,2026-03-10,4.608,ngz26
697,2026-03-11,4.777,ngz26
698,2026-03-12,4.822,ngz26
699,2026-03-13,4.78,ngz26
700,2026-03-16,4.665,ngz26
701,2026-03-17,4.695,ngz26
702,2026-03-18,4.75,ngz26
703,2026-03-19,4.859,ngz26
704,2026-03-20,4.842,ngz26
705,2026-03-23,4.681,ngz26
706,2026-03-24,4.644,ngz26
707,2026-03-25,4.643,ngz26
708,2026-03-26,4.654,ngz26
709,2026-03-27,4.716,ngz26
710,2026-03-30,4.628,ngz26
711,2026-03-31,4.472,ngz26
712,2026-04-01,4.392,ngz26
713,2026-04-02,4.388,ngz26
714,2026-04-06,4.367,ngz26
715,2026-04-07,4.447,ngz26
716,2026-04-08,4.295,ngz26
717,2026-04-09,4.284,ngz26
718,2026-04-10,4.257,ngz26
719,2026-04-13,4.23,ngz26
720,2026-04-14,4.155,ngz26
721,2026-04-15,4.15,ngz26
722,2026-04-16,4.187,ngz26
723,2026-04-17,4.196,ngz26
724,2026-04-20,4.215,ngz26
725,2026-04-21,4.245,ngz26
726,2026-04-22,4.275,ngz26
727,2026-04-23,4.245,ngz26
728,2026-04-24,4.193,ngz26
729,2026-04-27,4.199,ngz26
730,2026-04-28,4.181,ngz26
731,2026-04-29,4.165,ngz26
732,2026-04-30,4.218,ngz26
733,2026-05-01,4.243,ngz26
734,2026-05-04,4.362,ngz26
735,2026-05-05,4.289,ngz26
736,2026-05-06,4.19,ngz26
737,2026-05-07,4.173,ngz26
738,2026-05-08,4.161,ngz26
739,2026-05-11,4.234,ngz26
740,2026-05-12,4.18,ngz26
741,2026-05-13,4.151,ngz26
742,2026-05-14,4.127,ngz26
743,2026-05-15,4.125,ngz26
744,2026-05-18,4.159,ngz26
745,2026-05-19,4.228,ngz26
746,2026-05-20,4.101,ngz26
747,2026-05-21,4.074,ngz26
748,2026-05-22,3.97,ngz26
749,2026-05-26,3.922,ngz26
750,2026-05-27,3.942,ngz26
751,2026-05-28,4.074,ngz26
752,2026-05-29,4.126,ngz26
753,2026-06-01,4.111,ngz26
754,2026-06-02,4.13,ngz26
