S No.,Date,Price,Contract ID
1,2023-06-27,3.718,ngn26
2,2023-06-28,3.682,ngn26
3,2023-06-29,3.645,ngn26
4,2023-06-30,3.663,ngn26
5,2023-07-03,3.664,ngn26
6,2023-07-05,3.637,ngn26
7,2023-07-06,3.654,ngn26
8,2023-07-07,3.663,ngn26
9,2023-07-10,3.672,ngn26
10,2023-07-11,3.683,ngn26
11,2023-07-12,3.68,ngn26
12,2023-07-13,3.647,ngn26
13,2023-07-14,3.68,ngn26
14,2023-07-17,3.668,ngn26
15,2023-07-18,3.698,ngn26
16,2023-07-19,3.683,ngn26
17,2023-07-20,3.705,ngn26
18,2023-07-21,3.725,ngn26
19,2023-07-24,3.76,ngn26
20,2023-07-25,3.774,ngn26
21,2023-07-26,3.782,ngn26
22,2023-07-27,3.771,ngn26
23,2023-07-28,3.78,ngn26
24,2023-07-31,3.765,ngn26
25,2023-08-01,3.745,ngn26
26,2023-08-02,3.743,ngn26
27,2023-08-03,3.731,ngn26
28,2023-08-04,3.719,ngn26
29,2023-08-07,3.767,ngn26
30,2023-08-08,3.759,ngn26
31,2023-08-09,3.721,ngn26
32,2023-08-10,3.706,ngn26
33,2023-08-11,3.746,ngn26
34,2023-08-14,3.748,ngn26
35,2023-08-15,3.742,ngn26
36,2023-08-16,3.751,ngn26
37,2023-08-17,3.75,ngn26
38,2023-08-18,3.731,ngn26
39,2023-08-21,3.756,ngn26
40,2023-08-22,3.731,ngn26
41,2023-08-23,3.742,ngn26
42,2023-08-24,3.702,ngn26
43,2023-08-25,3.705,ngn26
44,2023-08-28,3.701,ngn26
45,2023-08-29,3.67,ngn26
46,2023-08-30,3.705,ngn26
47,2023-08-31,3.713,ngn26
48,2023-09-01,3.701,ngn26
49,2023-09-05,3.665,ngn26
50,2023-09-06,3.677,ngn26
51,2023-09-07,3.66,ngn26
52,2023-09-08,3.666,ngn26
53,2023-09-11,3.614,ngn26
54,2023-09-12,3.676,ngn26
55,2023-09-13,3.704,ngn26
56,2023-09-14,3.711,ngn26
57,2023-09-15,3.666,ngn26
58,2023-09-18,3.692,ngn26
59,2023-09-19,3.69,ngn26
60,2023-09-20,3.7,ngn26
61,2023-09-21,3.726,ngn26
62,2023-09-22,3.766,ngn26
63,2023-09-25,3.728,ngn26
64,2023-09-26,3.747,ngn26
65,2023-09-27,3.724,ngn26
66,2023-09-28,3.757,ngn26
67,2023-09-29,3.756,ngn26
68,2023-10-02,3.74,ngn26
69,2023-10-03,3.769,ngn26
70,2023-10-04,3.738,ngn26
71,2023-10-05,3.751,ngn26
72,2023-10-06,3.75,ngn26
73,2023-10-09,3.764,ngn26
74,2023-10-10,3.785,ngn26
75,2023-10-11,3.8,ngn26
76,2023-10-12,3.82,ngn26
77,2023-10-13,3.818,ngn26
78,2023-10-16,3.808,ngn26
79,2023-10-17,3.808,ngn26
80,2023-10-18,3.801,ngn26
81,2023-10-19,3.808,ngn26
82,2023-10-20,3.814,ngn26
83,2023-10-23,3.818,ngn26
84,2023-10-24,3.803,ngn26
85,2023-10-25,3.812,ngn26
86,2023-10-26,3.8,ngn26
87,2023-10-27,3.799,ngn26
88,2023-10-30,3.824,ngn26
89,2023-10-31,3.816,ngn26
90,2023-11-01,3.86,ngn26
91,2023-11-02,3.933,ngn26
92,2023-11-03,3.935,ngn26
93,2023-11-06,3.954,ngn26
94,2023-11-07,3.94,ngn26
95,2023-11-08,3.9,ngn26
96,2023-11-09,3.891,ngn26
97,2023-11-10,3.876,ngn26
98,2023-11-13,3.895,ngn26
99,2023-11-14,3.884,ngn26
100,2023-11-15,3.917,ngn26
101,2023-11-16,3.893,ngn26
102,2023-11-17,3.864,ngn26
103,2023-11-20,3.833,ngn26
104,2023-11-21,3.789,ngn26
105,2023-11-22,3.803,ngn26
106,2023-11-24,3.838,ngn26
107,2023-11-27,3.839,ngn26
108,2023-11-28,3.783,ngn26
109,2023-11-29,3.781,ngn26
110,2023-11-30,3.745,ngn26
111,2023-12-01,3.765,ngn26
112,2023-12-04,3.719,ngn26
113,2023-12-05,3.724,ngn26
114,2023-12-06,3.571,ngn26
115,2023-12-07,3.561,ngn26
116,2023-12-08,3.502,ngn26
117,2023-12-11,3.465,ngn26
118,2023-12-12,3.467,ngn26
119,2023-12-13,3.502,ngn26
120,2023-12-14,3.566,ngn26
121,2023-12-15,3.638,ngn26
122,2023-12-18,3.643,ngn26
123,2023-12-19,3.605,ngn26
124,2023-12-20,3.619,ngn26
125,2023-12-21,3.651,ngn26
126,2023-12-22,3.558,ngn26
127,2023-12-26,3.534,ngn26
128,2023-12-27,3.573,ngn26
129,2023-12-28,3.622,ngn26
130,2023-12-29,3.649,ngn26
131,2024-01-02,3.661,ngn26
132,2024-01-03,3.659,ngn26
133,2024-01-04,3.674,ngn26
134,2024-01-05,3.707,ngn26
135,2024-01-08,3.732,ngn26
136,2024-01-09,3.717,ngn26
137,2024-01-10,3.687,ngn26
138,2024-01-11,3.664,ngn26
139,2024-01-12,3.65,ngn26
140,2024-01-16,3.636,ngn26
141,2024-01-17,3.676,ngn26
142,2024-01-18,3.66,ngn26
143,2024-01-19,3.614,ngn26
144,2024-01-22,3.577,ngn26
145,2024-01-23,3.65,ngn26
146,2024-01-24,3.634,ngn26
147,2024-01-25,3.561,ngn26
148,2024-01-26,3.58,ngn26
149,2024-01-29,3.542,ngn26
150,2024-01-30,3.541,ngn26
151,2024-01-31,3.542,ngn26
152,2024-02-01,3.53,ngn26
153,2024-02-02,3.563,ngn26
154,2024-02-05,3.559,ngn26
155,2024-02-06,3.553,ngn26
156,2024-02-07,3.558,ngn26
157,2024-02-08,3.55,ngn26
158,2024-02-09,3.565,ngn26
159,2024-02-12,3.553,ngn26
160,2024-02-13,3.55,ngn26
161,2024-02-14,3.493,ngn26
162,2024-02-15,3.449,ngn26
163,2024-02-16,3.416,ngn26
164,2024-02-20,3.448,ngn26
165,2024-02-21,3.539,ngn26
166,2024-02-22,3.575,ngn26
167,2024-02-23,3.544,ngn26
168,2024-02-26,3.561,ngn26
169,2024-02-27,3.579,ngn26
170,2024-02-28,3.619,ngn26
171,2024-02-29,3.612,ngn26
172,2024-03-01,3.6,ngn26
173,2024-03-04,3.623,ngn26
174,2024-03-05,3.636,ngn26
175,2024-03-06,3.651,ngn26
176,2024-03-07,3.644,ngn26
177,2024-03-08,3.634,ngn26
178,2024-03-11,3.637,ngn26
179,2024-03-12,3.638,ngn26
180,2024-03-13,3.643,ngn26
181,2024-03-14,3.654,ngn26
182,2024-03-15,3.618,ngn26
183,2024-03-18,3.658,ngn26
184,2024-03-19,3.659,ngn26
185,2024-03-20,3.633,ngn26
186,2024-03-21,3.617,ngn26
187,2024-03-22,3.607,ngn26
188,2024-03-25,3.599,ngn26
189,2024-03-26,3.628,ngn26
190,2024-03-27,3.616,ngn26
191,2024-03-28,3.649,ngn26
192,2024-04-01,3.664,ngn26
193,2024-04-02,3.674,ngn26
194,2024-04-03,3.672,ngn26
195,2024-04-04,3.655,ngn26
196,2024-04-05,3.651,ngn26
197,2024-04-08,3.671,ngn26
198,2024-04-09,3.681,ngn26
199,2024-04-10,3.689,ngn26
200,2024-04-11,3.738,ngn26
201,2024-04-12,3.797,ngn26
202,2024-04-15,3.833,ngn26
203,2024-04-16,3.837,ngn26
204,2024-04-17,3.828,ngn26
205,2024-04-18,3.812,ngn26
206,2024-04-19,3.812,ngn26
207,2024-04-22,3.833,ngn26
208,2024-04-23,3.838,ngn26
209,2024-04-24,3.863,ngn26
210,2024-04-25,3.845,ngn26
211,2024-04-26,3.856,ngn26
212,2024-04-29,3.882,ngn26
213,2024-04-30,3.874,ngn26
214,2024-05-01,3.862,ngn26
215,2024-05-02,3.851,ngn26
216,2024-05-03,3.825,ngn26
217,2024-05-06,3.827,ngn26
218,2024-05-07,3.782,ngn26
219,2024-05-08,3.748,ngn26
220,2024-05-09,3.699,ngn26
221,2024-05-10,3.733,ngn26
222,2024-05-13,3.73,ngn26
223,2024-05-14,3.746,ngn26
224,2024-05-15,3.778,ngn26
225,2024-05-16,3.815,ngn26
226,2024-05-17,3.835,ngn26
227,2024-05-20,3.856,ngn26
228,2024-05-21,3.839,ngn26
229,2024-05-22,3.843,ngn26
230,2024-05-23,3.824,ngn26
231,2024-05-24,3.794,ngn26
232,2024-05-28,3.786,ngn26
233,2024-05-29,3.735,ngn26
234,2024-05-30,3.714,ngn26
235,2024-05-31,3.703,ngn26
236,2024-06-03,3.717,ngn26
237,2024-06-04,3.703,ngn26
238,2024-06-05,3.743,ngn26
239,2024-06-06,3.746,ngn26
240,2024-06-07,3.747,ngn26
241,2024-06-10,3.758,ngn26
242,2024-06-11,3.796,ngn26
243,2024-06-12,3.765,ngn26
244,2024-06-13,3.732,ngn26
245,2024-06-14,3.734,ngn26
246,2024-06-17,3.776,ngn26
247,2024-06-18,3.776,ngn26
248,2024-06-20,3.749,ngn26
249,2024-06-21,3.737,ngn26
250,2024-06-24,3.743,ngn26
251,2024-06-25,3.738,ngn26
252,2024-06-26,3.74,ngn26
253,2024-06-27,3.663,ngn26
254,2024-06-28,3.675,ngn26
255,2024-07-01,3.654,ngn26
256,2024-07-02,3.647,ngn26
257,2024-07-03,3.636,ngn26
258,2024-07-05,3.618,ngn26
259,2024-07-08,3.637,ngn26
260,2024-07-09,3.634,ngn26
261,2024-07-10,3.63,ngn26
262,2024-07-11,3.606,ngn26
263,2024-07-12,3.584,ngn26
264,2024-07-15,3.572,ngn26
265,2024-07-16,3.55,ngn26
266,2024-07-17,3.485,ngn26
267,2024-07-18,3.498,ngn26
268,2024-07-19,3.541,ngn26
269,2024-07-22,3.572,ngn26
270,2024-07-23,3.553,ngn26
271,2024-07-24,3.532,ngn26
272,2024-07-25,3.48,ngn26
273,2024-07-26,3.481,ngn26
274,2024-07-29,3.446,ngn26
275,2024-07-30,3.448,ngn26
276,2024-07-31,3.436,ngn26
277,2024-08-01,3.404,ngn26
278,2024-08-02,3.406,ngn26
279,2024-08-05,3.364,ngn26
280,2024-08-06,3.358,ngn26
281,2024-08-07,3.388,ngn26
282,2024-08-08,3.445,ngn26
283,2024-08-09,3.459,ngn26
284,2024-08-12,3.465,ngn26
285,2024-08-13,3.424,ngn26
286,2024-08-14,3.452,ngn26
287,2024-08-15,3.447,ngn26
288,2024-08-16,3.391,ngn26
289,2024-08-19,3.411,ngn26
290,2024-08-20,3.454,ngn26
291,2024-08-21,3.474,ngn26
292,2024-08-22,3.469,ngn26
293,2024-08-23,3.477,ngn26
294,2024-08-26,3.468,ngn26
295,2024-08-27,3.464,ngn26
296,2024-08-28,3.457,ngn26
297,2024-08-29,3.434,ngn26
298,2024-08-30,3.426,ngn26
299,2024-09-03,3.432,ngn26
300,2024-09-04,3.42,ngn26
301,2024-09-05,3.415,ngn26
302,2024-09-06,3.409,ngn26
303,2024-09-09,3.411,ngn26
304,2024-09-10,3.407,ngn26
305,2024-09-11,3.407,ngn26
306,2024-09-12,3.404,ngn26
307,2024-09-13,3.391,ngn26
308,2024-09-16,3.398,ngn26
309,2024-09-17,3.396,ngn26
310,2024-09-18,3.401,ngn26
311,2024-09-19,3.42,ngn26
312,2024-09-20,3.455,ngn26
313,2024-09-23,3.435,ngn26
314,2024-09-24,3.436,ngn26
315,2024-09-25,3.467,ngn26
316,2024-09-26,3.484,ngn26
317,2024-09-27,3.505,ngn26
318,2024-09-30,3.498,ngn26
319,2024-10-01,3.484,ngn26
320,2024-10-02,3.495,ngn26
321,2024-10-03,3.514,ngn26
322,2024-10-04,3.527,ngn26
323,2024-10-07,3.529,ngn26
324,2024-10-08,3.517,ngn26
325,2024-10-09,3.489,ngn26
326,2024-10-10,3.483,ngn26
327,2024-10-11,3.456,ngn26
328,2024-10-14,3.421,ngn26
329,2024-10-15,3.451,ngn26
330,2024-10-16,3.429,ngn26
331,2024-10-17,3.44,ngn26
332,2024-10-18,3.404,ngn26
333,2024-10-21,3.42,ngn26
334,2024-10-22,3.456,ngn26
335,2024-10-23,3.469,ngn26
336,2024-10-24,3.478,ngn26
337,2024-10-25,3.489,ngn26
338,2024-10-28,3.447,ngn26
339,2024-10-29,3.453,ngn26
340,2024-10-30,3.488,ngn26
341,2024-10-31,3.478,ngn26
342,2024-11-01,3.469,ngn26
343,2024-11-04,3.469,ngn26
344,2024-11-05,3.437,ngn26
345,2024-11-06,3.466,ngn26
346,2024-11-07,3.452,ngn26
347,2024-11-08,3.45,ngn26
348,2024-11-11,3.481,ngn26
349,2024-11-12,3.479,ngn26
350,2024-11-13,3.513,ngn26
351,2024-11-14,3.501,ngn26
352,2024-11-15,3.523,ngn26
353,2024-11-18,3.547,ngn26
354,2024-11-19,3.559,ngn26
355,2024-11-20,3.593,ngn26
356,2024-11-21,3.614,ngn26
357,2024-11-22,3.603,ngn26
358,2024-11-25,3.65,ngn26
359,2024-11-26,3.654,ngn26
360,2024-11-27,3.604,ngn26
361,2024-11-29,3.633,ngn26
362,2024-12-02,3.629,ngn26
363,2024-12-03,3.588,ngn26
364,2024-12-04,3.639,ngn26
365,2024-12-05,3.645,ngn26
366,2024-12-06,3.652,ngn26
367,2024-12-09,3.649,ngn26
368,2024-12-10,3.643,ngn26
369,2024-12-11,3.654,ngn26
370,2024-12-12,3.659,ngn26
371,2024-12-13,3.635,ngn26
372,2024-12-16,3.618,ngn26
373,2024-12-17,3.631,ngn26
374,2024-12-18,3.618,ngn26
375,2024-12-19,3.641,ngn26
376,2024-12-20,3.675,ngn26
377,2024-12-23,3.698,ngn26
378,2024-12-24,3.709,ngn26
379,2024-12-26,3.702,ngn26
380,2024-12-27,3.749,ngn26
381,2024-12-30,3.785,ngn26
382,2024-12-31,3.744,ngn26
383,2025-01-02,3.75,ngn26
384,2025-01-03,3.69,ngn26
385,2025-01-06,3.725,ngn26
386,2025-01-07,3.707,ngn26
387,2025-01-08,3.738,ngn26
388,2025-01-09,3.751,ngn26
389,2025-01-10,3.766,ngn26
390,2025-01-13,3.775,ngn26
391,2025-01-14,3.787,ngn26
392,2025-01-15,3.829,ngn26
393,2025-01-16,3.907,ngn26
394,2025-01-17,3.827,ngn26
395,2025-01-21,3.801,ngn26
396,2025-01-22,3.869,ngn26
397,2025-01-23,3.891,ngn26
398,2025-01-24,3.896,ngn26
399,2025-01-27,3.808,ngn26
400,2025-01-28,3.737,ngn26
401,2025-01-29,3.789,ngn26
402,2025-01-30,3.721,ngn26
403,2025-01-31,3.724,ngn26
404,2025-02-03,3.806,ngn26
405,2025-02-04,3.785,ngn26
406,2025-02-05,3.806,ngn26
407,2025-02-06,3.81,ngn26
408,2025-02-07,3.782,ngn26
409,2025-02-10,3.896,ngn26
410,2025-02-11,3.93,ngn26
411,2025-02-12,3.942,ngn26
412,2025-02-13,3.963,ngn26
413,2025-02-14,3.978,ngn26
414,2025-02-18,4.081,ngn26
415,2025-02-19,4.122,ngn26
416,2025-02-20,4.018,ngn26
417,2025-02-21,4.015,ngn26
418,2025-02-24,3.983,ngn26
419,2025-02-25,4.003,ngn26
420,2025-02-26,3.897,ngn26
421,2025-02-27,3.875,ngn26
422,2025-02-28,3.893,ngn26
423,2025-03-03,3.966,ngn26
424,2025-03-04,3.978,ngn26
425,2025-03-05,4.036,ngn26
426,2025-03-06,3.992,ngn26
427,2025-03-07,4.125,ngn26
428,2025-03-10,4.184,ngn26
429,2025-03-11,4.234,ngn26
430,2025-03-12,4.157,ngn26
431,2025-03-13,4.213,ngn26
432,2025-03-14,4.241,ngn26
433,2025-03-17,4.22,ngn26
434,2025-03-18,4.204,ngn26
435,2025-03-19,4.25,ngn26
436,2025-03-20,4.165,ngn26
437,2025-03-21,4.152,ngn26
438,2025-03-24,4.162,ngn26
439,2025-03-25,4.16,ngn26
440,2025-03-26,4.158,ngn26
441,2025-03-27,4.187,ngn26
442,2025-03-28,4.191,ngn26
443,2025-03-31,4.211,ngn26
444,2025-04-01,4.152,ngn26
445,2025-04-02,4.183,ngn26
446,2025-04-03,4.168,ngn26
447,2025-04-04,4.017,ngn26
448,2025-04-07,3.9,ngn26
449,2025-04-08,3.84,ngn26
450,2025-04-09,3.993,ngn26
451,2025-04-10,3.862,ngn26
452,2025-04-11,3.878,ngn26
453,2025-04-14,3.834,ngn26
454,2025-04-15,3.906,ngn26
455,2025-04-16,3.958,ngn26
456,2025-04-17,3.986,ngn26
457,2025-04-21,3.897,ngn26
458,2025-04-22,3.917,ngn26
459,2025-04-23,3.942,ngn26
460,2025-04-24,3.959,ngn26
461,2025-04-25,3.955,ngn26
462,2025-04-28,4.032,ngn26
463,2025-04-29,4.068,ngn26
464,2025-04-30,4.112,ngn26
465,2025-05-01,4.179,ngn26
466,2025-05-02,4.23,ngn26
467,2025-05-05,4.265,ngn26
468,2025-05-06,4.26,ngn26
469,2025-05-07,4.249,ngn26
470,2025-05-08,4.219,ngn26
471,2025-05-09,4.263,ngn26
472,2025-05-12,4.232,ngn26
473,2025-05-13,4.27,ngn26
474,2025-05-14,4.225,ngn26
475,2025-05-15,4.219,ngn26
476,2025-05-16,4.24,ngn26
477,2025-05-19,4.087,ngn26
478,2025-05-20,4.195,ngn26
479,2025-05-21,4.207,ngn26
480,2025-05-22,4.206,ngn26
481,2025-05-23,4.255,ngn26
482,2025-05-27,4.256,ngn26
483,2025-05-28,4.185,ngn26
484,2025-05-29,4.157,ngn26
485,2025-05-30,4.143,ngn26
486,2025-06-02,4.224,ngn26
487,2025-06-03,4.261,ngn26
488,2025-06-04,4.299,ngn26
489,2025-06-05,4.286,ngn26
490,2025-06-06,4.328,ngn26
491,2025-06-09,4.312,ngn26
492,2025-06-10,4.277,ngn26
493,2025-06-11,4.244,ngn26
494,2025-06-12,4.219,ngn26
495,2025-06-13,4.237,ngn26
496,2025-06-16,4.277,ngn26
497,2025-06-17,4.32,ngn26
498,2025-06-18,4.34,ngn26
499,2025-06-20,4.334,ngn26
500,2025-06-23,4.31,ngn26
501,2025-06-24,4.269,ngn26
502,2025-06-25,4.256,ngn26
503,2025-06-26,4.256,ngn26
504,2025-06-27,4.299,ngn26
505,2025-06-30,4.163,ngn26
506,2025-07-01,4.126,ngn26
507,2025-07-02,4.136,ngn26
508,2025-07-03,4.09,ngn26
509,2025-07-04,4.079,ngn26
510,2025-07-07,4.124,ngn26
511,2025-07-08,4.112,ngn26
512,2025-07-09,4.069,ngn26
513,2025-07-10,4.132,ngn26
514,2025-07-11,4.164,ngn26
515,2025-07-14,4.219,ngn26
516,2025-07-15,4.242,ngn26
517,2025-07-16,4.237,ngn26
518,2025-07-17,4.204,ngn26
519,2025-07-18,4.172,ngn26
520,2025-07-21,4.059,ngn26
521,2025-07-22,4.065,ngn26
522,2025-07-23,3.987,ngn26
523,2025-07-24,3.989,ngn26
524,2025-07-25,3.947,ngn26
525,2025-07-28,3.87,ngn26
526,2025-07-29,3.899,ngn26
527,2025-07-30,3.888,ngn26
528,2025-07-31,3.923,ngn26
529,2025-08-01,3.925,ngn26
530,2025-08-04,3.853,ngn26
531,2025-08-05,3.867,ngn26
532,2025-08-06,3.9,ngn26
533,2025-08-07,3.894,ngn26
534,2025-08-08,3.842,ngn26
535,2025-08-11,3.853,ngn26
536,2025-08-12,3.812,ngn26
537,2025-08-13,3.793,ngn26
538,2025-08-14,3.774,ngn26
539,2025-08-15,3.811,ngn26
540,2025-08-18,3.816,ngn26
541,2025-08-19,3.771,ngn26
542,2025-08-20,3.779,ngn26
543,2025-08-21,3.813,ngn26
544,2025-08-22,3.772,ngn26
545,2025-08-25,3.751,ngn26
546,2025-08-26,3.782,ngn26
547,2025-08-27,3.826,ngn26
548,2025-08-28,3.872,ngn26
549,2025-08-29,3.906,ngn26
550,2025-09-02,3.882,ngn26
551,2025-09-03,3.888,ngn26
552,2025-09-04,3.888,ngn26
553,2025-09-05,3.843,ngn26
554,2025-09-08,3.863,ngn26
555,2025-09-09,3.878,ngn26
556,2025-09-10,3.864,ngn26
557,2025-09-11,3.858,ngn26
558,2025-09-12,3.83,ngn26
559,2025-09-15,3.866,ngn26
560,2025-09-16,3.893,ngn26
561,2025-09-17,3.906,ngn26
562,2025-09-18,3.864,ngn26
563,2025-09-19,3.865,ngn26
564,2025-09-22,3.831,ngn26
565,2025-09-23,3.81,ngn26
566,2025-09-24,3.814,ngn26
567,2025-09-25,3.842,ngn26
568,2025-09-26,3.863,ngn26
569,2025-09-29,3.89,ngn26
570,2025-09-30,3.885,ngn26
571,2025-10-01,3.978,ngn26
572,2025-10-02,4.021,ngn26
573,2025-10-03,4.012,ngn26
574,2025-10-06,4.006,ngn26
575,2025-10-07,4.063,ngn26
576,2025-10-08,4.018,ngn26
577,2025-10-09,3.981,ngn26
578,2025-10-10,3.922,ngn26
579,2025-10-13,3.929,ngn26
580,2025-10-14,3.862,ngn26
581,2025-10-15,3.861,ngn26
582,2025-10-16,3.826,ngn26
583,2025-10-17,3.884,ngn26
584,2025-10-20,4.006,ngn26
585,2025-10-21,4.024,ngn26
586,2025-10-22,3.99,ngn26
587,2025-10-23,3.975,ngn26
588,2025-10-24,3.96,ngn26
589,2025-10-27,3.977,ngn26
590,2025-10-28,3.912,ngn26
591,2025-10-29,3.906,ngn26
592,2025-10-30,3.959,ngn26
593,2025-10-31,4.031,ngn26
594,2025-11-03,4.095,ngn26
595,2025-11-04,4.12,ngn26
596,2025-11-05,4.052,ngn26
597,2025-11-06,4.066,ngn26
598,2025-11-07,4.069,ngn26
599,2025-11-10,4.058,ngn26
600,2025-11-11,4.142,ngn26
601,2025-11-12,4.151,ngn26
602,2025-11-13,4.167,ngn26
603,2025-11-14,4.118,ngn26
604,2025-11-17,4.076,ngn26
605,2025-11-18,4.06,ngn26
606,2025-11-19,4.118,ngn26
607,2025-11-20,4.094,ngn26
608,2025-11-21,4.102,ngn26
609,2025-11-24,4.06,ngn26
610,2025-11-25,3.97,ngn26
611,2025-11-26,3.974,ngn26
612,2025-11-28,4.042,ngn26
613,2025-12-01,4.046,ngn26
614,2025-12-02,4.062,ngn26
615,2025-12-03,4.195,ngn26
616,2025-12-04,4.258,ngn26
617,2025-12-05,4.348,ngn26
618,2025-12-08,4.112,ngn26
619,2025-12-09,3.998,ngn26
620,2025-12-10,4.018,ngn26
621,2025-12-11,3.942,ngn26
622,2025-12-12,3.807,ngn26
623,2025-12-15,3.752,ngn26
624,2025-12-16,3.703,ngn26
625,2025-12-17,3.767,ngn26
626,2025-12-18,3.676,ngn26
627,2025-12-19,3.664,ngn26
628,2025-12-22,3.587,ngn26
629,2025-12-23,3.735,ngn26
630,2025-12-24,3.682,ngn26
631,2025-12-26,3.762,ngn26
632,2025-12-29,3.83,ngn26
633,2025-12-30,3.812,ngn26
634,2025-12-31,3.671,ngn26
635,2026-01-02,3.585,ngn26
636,2026-01-05,3.464,ngn26
637,2026-01-06,3.418,ngn26
638,2026-01-07,3.494,ngn26
639,2026-01-08,3.423,ngn26
640,2026-01-09,3.279,ngn26
641,2026-01-12,3.407,ngn26
642,2026-01-13,3.44,ngn26
643,2026-01-14,3.303,ngn26
644,2026-01-15,3.295,ngn26
645,2026-01-16,3.282,ngn26
646,2026-01-20,3.643,ngn26
647,2026-01-21,3.828,ngn26
648,2026-01-22,3.861,ngn26
649,2026-01-23,3.901,ngn26
650,2026-01-26,4.019,ngn26
651,2026-01-27,4.03,ngn26
652,2026-01-28,3.992,ngn26
653,2026-01-29,4.091,ngn26
654,2026-01-30,4.333,ngn26
655,2026-02-02,3.613,ngn26
656,2026-02-03,3.636,ngn26
657,2026-02-04,3.715,ngn26
658,2026-02-05,3.714,ngn26
659,2026-02-06,3.639,ngn26
660,2026-02-09,3.501,ngn26
661,2026-02-10,3.498,ngn26
662,2026-02-11,3.535,ngn26
663,2026-02-12,3.531,ngn26
664,2026-02-13,3.52,ngn26
665,2026-02-17,3.391,ngn26
666,2026-02-18,3.374,ngn26
667,2026-02-19,3.409,ngn26
668,2026-02-20,3.442,ngn26
669,2026-02-23,3.389,ngn26
670,2026-02-24,3.319,ngn26
671,2026-02-25,3.345,ngn26
672,2026-02-26,3.318,ngn26
673,2026-02-27,3.337,ngn26
674,2026-03-02,3.412,ngn26
675,2026-03-03,3.484,ngn26
676,2026-03-04,3.391,ngn26
677,2026-03-05,3.485,ngn26
678,2026-03-06,3.623,ngn26
679,2026-03-09,3.542,ngn26
680,2026-03-10,3.446,ngn26
681,2026-03-11,3.59,ngn26
682,2026-03-12,3.588,ngn26
683,2026-03-13,3.512,ngn26
684,2026-03-16,3.412,ngn26
685,2026-03-17,3.421,ngn26
686,2026-03-18,3.428,ngn26
687,2026-03-19,3.491,ngn26
688,2026-03-20,3.457,ngn26
689,2026-03-23,3.296,ngn26
690,2026-03-24,3.305,ngn26
691,2026-03-25,3.31,ngn26
692,2026-03-26,3.321,ngn26
693,2026-03-27,3.409,ngn26
694,2026-03-30,3.293,ngn26
695,2026-03-31,3.233,ngn26
696,2026-04-01,3.169,ngn26
697,2026-04-02,3.163,ngn26
698,2026-04-06,3.178,ngn26
699,2026-04-07,3.226,ngn26
700,2026-04-08,3.127,ngn26
701,2026-04-09,3.108,ngn26
702,2026-04-10,3.109,ngn26
703,2026-04-13,3.099,ngn26
704,2026-04-14,3.06,ngn26
705,2026-04-15,3.059,ngn26
706,2026-04-16,3.079,ngn26
707,2026-04-17,3.101,ngn26
708,2026-04-20,3.111,ngn26
709,2026-04-21,3.117,ngn26
710,2026-04-22,3.133,ngn26
711,2026-04-23,3.051,ngn26
712,2026-04-24,2.983,ngn26
713,2026-04-27,3.024,ngn26
714,2026-04-28,2.99,ngn26
715,2026-04-29,2.945,ngn26
716,2026-04-30,3.044,ngn26
717,2026-05-01,3.075,ngn26
718,2026-05-04,3.159,ngn26
719,2026-05-05,3.072,ngn26
720,2026-05-06,3.009,ngn26
721,2026-05-07,3.023,ngn26
722,2026-05-08,3.007,ngn26
723,2026-05-11,3.128,ngn26
724,2026-05-12,3.054,ngn26
725,2026-05-13,3.062,ngn26
726,2026-05-14,3.092,ngn26
727,2026-05-15,3.124,ngn26
728,2026-05-18,3.188,ngn26
729,2026-05-19,3.284,ngn26
730,2026-05-20,3.155,ngn26
731,2026-05-21,3.156,ngn26
732,2026-05-22,3.021,ngn26
733,2026-05-26,3.01,ngn26
734,2026-05-27,3.095,ngn26
735,2026-05-28,3.285,ngn26
736,2026-05-29,3.29,ngn26
737,2026-06-01,3.179,ngn26
738,2026-06-02,3.167,ngn26
739,2026-06-03,3.214,ngn26
740,2026-06-04,3.336,ngn26
741,2026-06-05,3.229,ngn26
742,2026-06-08,3.147,ngn26
743,2026-06-09,3.14,ngn26
744,2026-06-10,3.185,ngn26
745,2026-06-11,3.087,ngn26
746,2026-06-12,3.12,ngn26
747,2026-06-15,3.147,ngn26
748,2026-06-16,3.239,ngn26
749,2026-06-17,3.145,ngn26
750,2026-06-18,3.233,ngn26
751,2026-06-22,3.253,ngn26
752,2026-06-23,3.147,ngn26
753,2026-06-24,3.221,ngn26
754,2026-06-25,3.343,ngn26
755,2026-06-26,3.231,ngn26
